time_iso8601,stars_cumulative
2022-06-01 00:00:00+00:00,1
2022-06-13 00:00:00+00:00,2
2022-08-31 00:00:00+00:00,3
2022-11-30 00:00:00+00:00,4
2022-12-05 00:00:00+00:00,5
2022-12-13 00:00:00+00:00,23
2022-12-14 00:00:00+00:00,46
2022-12-15 00:00:00+00:00,56
2022-12-16 00:00:00+00:00,61
2022-12-18 00:00:00+00:00,62
2022-12-19 00:00:00+00:00,68
2022-12-22 00:00:00+00:00,69
2022-12-23 00:00:00+00:00,70
2022-12-26 00:00:00+00:00,71
2022-12-28 00:00:00+00:00,72
2023-01-04 00:00:00+00:00,74
2023-01-05 00:00:00+00:00,75
2023-01-06 00:00:00+00:00,78
2023-01-08 00:00:00+00:00,80
2023-01-16 00:00:00+00:00,83
2023-01-20 00:00:00+00:00,85
2023-01-30 00:00:00+00:00,86
2023-02-06 00:00:00+00:00,87
2023-02-12 00:00:00+00:00,88
2023-02-16 00:00:00+00:00,89
2023-02-28 00:00:00+00:00,97
2023-03-01 00:00:00+00:00,102
2023-03-02 00:00:00+00:00,103
2023-03-03 00:00:00+00:00,104
2023-03-05 00:00:00+00:00,107
2023-03-06 00:00:00+00:00,108
2023-03-10 00:00:00+00:00,109
2023-03-12 00:00:00+00:00,110
2023-03-13 00:00:00+00:00,111
2023-03-15 00:00:00+00:00,112
2023-03-19 00:00:00+00:00,113
2023-03-20 00:00:00+00:00,114
2023-03-21 00:00:00+00:00,115
2023-04-05 00:00:00+00:00,116
2023-04-06 00:00:00+00:00,117
2023-04-07 00:00:00+00:00,118
2023-04-08 00:00:00+00:00,119
2023-04-15 00:00:00+00:00,120
2023-04-18 00:00:00+00:00,121
2023-04-24 00:00:00+00:00,122
2023-04-26 00:00:00+00:00,123
2023-05-01 00:00:00+00:00,124
2023-05-05 00:00:00+00:00,127
2023-05-06 00:00:00+00:00,128
2023-05-08 00:00:00+00:00,129
2023-05-15 00:00:00+00:00,130
2023-05-22 00:00:00+00:00,133
2023-05-26 00:00:00+00:00,134
2023-05-30 00:00:00+00:00,135
2023-05-31 00:00:00+00:00,136
2023-06-01 00:00:00+00:00,139
2023-06-02 00:00:00+00:00,141
2023-06-06 00:00:00+00:00,142
2023-06-15 00:00:00+00:00,143
2023-06-19 00:00:00+00:00,144
2023-06-21 00:00:00+00:00,147
2023-06-25 00:00:00+00:00,149
2023-06-27 00:00:00+00:00,150
2023-06-29 00:00:00+00:00,151
2023-07-02 00:00:00+00:00,152
2023-07-03 00:00:00+00:00,153
2023-07-04 00:00:00+00:00,154
2023-07-08 00:00:00+00:00,156
2023-07-09 00:00:00+00:00,159
2023-07-10 00:00:00+00:00,160
2023-07-12 00:00:00+00:00,163
2023-07-13 00:00:00+00:00,165
2023-07-15 00:00:00+00:00,166
2023-07-16 00:00:00+00:00,167
2023-07-17 00:00:00+00:00,169
2023-07-18 00:00:00+00:00,172
2023-07-20 00:00:00+00:00,173
2023-07-21 00:00:00+00:00,175
2023-07-23 00:00:00+00:00,177
2023-07-27 00:00:00+00:00,178
2023-07-29 00:00:00+00:00,179
2023-07-30 00:00:00+00:00,180
2023-07-31 00:00:00+00:00,181
2023-08-03 00:00:00+00:00,185
2023-08-06 00:00:00+00:00,187
2023-08-11 00:00:00+00:00,188
2023-08-13 00:00:00+00:00,189
2023-08-18 00:00:00+00:00,190
2023-08-20 00:00:00+00:00,191
2023-08-21 00:00:00+00:00,192
2023-08-31 00:00:00+00:00,193
2023-09-12 00:00:00+00:00,194
2023-09-19 00:00:00+00:00,196
2023-09-20 00:00:00+00:00,197
2023-09-25 00:00:00+00:00,199
2023-09-28 00:00:00+00:00,200
2023-10-04 00:00:00+00:00,201
2023-10-12 00:00:00+00:00,203
2023-10-18 00:00:00+00:00,205
2023-10-21 00:00:00+00:00,206
2023-10-23 00:00:00+00:00,208
2023-10-24 00:00:00+00:00,211
2023-10-26 00:00:00+00:00,212
2023-11-02 00:00:00+00:00,213
2023-11-03 00:00:00+00:00,214
2023-11-08 00:00:00+00:00,215
2023-11-10 00:00:00+00:00,216
2023-11-13 00:00:00+00:00,218
2023-11-15 00:00:00+00:00,219
2023-11-19 00:00:00+00:00,220
2023-11-24 00:00:00+00:00,221
2023-11-27 00:00:00+00:00,222
2023-11-30 00:00:00+00:00,223
2023-12-05 00:00:00+00:00,224
2023-12-06 00:00:00+00:00,226
2023-12-09 00:00:00+00:00,229
2023-12-12 00:00:00+00:00,230
2023-12-15 00:00:00+00:00,231
2023-12-21 00:00:00+00:00,233
2023-12-24 00:00:00+00:00,234
2023-12-25 00:00:00+00:00,238
2023-12-27 00:00:00+00:00,239
2024-01-03 00:00:00+00:00,240
2024-01-09 00:00:00+00:00,241
2024-01-20 00:00:00+00:00,242
2024-01-21 00:00:00+00:00,243
2024-01-22 00:00:00+00:00,244
2024-01-23 00:00:00+00:00,246
2024-01-24 00:00:00+00:00,249
2024-01-28 00:00:00+00:00,250
2024-02-03 00:00:00+00:00,252
2024-02-14 00:00:00+00:00,253
2024-02-15 00:00:00+00:00,254
2024-02-17 00:00:00+00:00,255
2024-02-28 00:00:00+00:00,257
2024-02-29 00:00:00+00:00,259
2024-03-01 00:00:00+00:00,261
2024-03-04 00:00:00+00:00,262
2024-03-06 00:00:00+00:00,263
2024-03-07 00:00:00+00:00,264
2024-03-10 00:00:00+00:00,265
2024-03-12 00:00:00+00:00,266
2024-03-18 00:00:00+00:00,267
2024-03-19 00:00:00+00:00,268
2024-03-20 00:00:00+00:00,269
2024-03-21 00:00:00+00:00,271
2024-03-24 00:00:00+00:00,272
2024-03-25 00:00:00+00:00,275
2024-03-26 00:00:00+00:00,276
2024-03-30 00:00:00+00:00,277
2024-04-08 00:00:00+00:00,278
2024-04-10 00:00:00+00:00,279
2024-04-16 00:00:00+00:00,280
2024-04-17 00:00:00+00:00,281
2024-04-20 00:00:00+00:00,282
2024-04-22 00:00:00+00:00,283
2024-04-23 00:00:00+00:00,284
2024-04-24 00:00:00+00:00,286
2024-04-25 00:00:00+00:00,287
2024-04-26 00:00:00+00:00,288
2024-04-29 00:00:00+00:00,290
2024-04-30 00:00:00+00:00,291
2024-05-02 00:00:00+00:00,292
2024-05-03 00:00:00+00:00,294
2024-05-07 00:00:00+00:00,296
2024-05-09 00:00:00+00:00,297
2024-05-10 00:00:00+00:00,298
2024-05-14 00:00:00+00:00,300
2024-05-15 00:00:00+00:00,301
2024-05-16 00:00:00+00:00,303
2024-05-17 00:00:00+00:00,304
2024-05-20 00:00:00+00:00,305
2024-05-21 00:00:00+00:00,306
2024-05-22 00:00:00+00:00,308
2024-05-23 00:00:00+00:00,309
2024-05-24 00:00:00+00:00,310
2024-05-27 00:00:00+00:00,311
2024-05-28 00:00:00+00:00,313
2024-06-09 00:00:00+00:00,314
2024-06-10 00:00:00+00:00,315
2024-06-13 00:00:00+00:00,316
2024-06-17 00:00:00+00:00,318
2024-06-19 00:00:00+00:00,321
2024-06-26 00:00:00+00:00,322
2024-06-28 00:00:00+00:00,323
2024-07-01 00:00:00+00:00,325
2024-07-05 00:00:00+00:00,326
2024-07-06 00:00:00+00:00,328
2024-07-08 00:00:00+00:00,329
2024-07-09 00:00:00+00:00,331
2024-07-12 00:00:00+00:00,332
2024-07-15 00:00:00+00:00,333
2024-07-16 00:00:00+00:00,334
2024-07-20 00:00:00+00:00,335
2024-08-02 00:00:00+00:00,336
2024-08-05 00:00:00+00:00,337
2024-08-11 00:00:00+00:00,338
2024-08-13 00:00:00+00:00,339
2024-08-16 00:00:00+00:00,340
2024-08-20 00:00:00+00:00,342
2024-08-21 00:00:00+00:00,343
2024-09-03 00:00:00+00:00,344
2024-09-04 00:00:00+00:00,345
2024-09-05 00:00:00+00:00,350
2024-09-06 00:00:00+00:00,351
2024-09-09 00:00:00+00:00,352
2024-09-10 00:00:00+00:00,353
2024-09-18 00:00:00+00:00,354
2024-09-22 00:00:00+00:00,355
2024-09-26 00:00:00+00:00,356
2024-09-29 00:00:00+00:00,357
2024-09-30 00:00:00+00:00,358
2024-10-06 00:00:00+00:00,359
2024-10-10 00:00:00+00:00,362
2024-10-12 00:00:00+00:00,363
2024-10-16 00:00:00+00:00,364
2024-10-21 00:00:00+00:00,365
2024-10-24 00:00:00+00:00,366
2024-10-30 00:00:00+00:00,367
2024-11-05 00:00:00+00:00,368
2024-11-06 00:00:00+00:00,369
2024-11-09 00:00:00+00:00,370
2024-11-17 00:00:00+00:00,371
2024-11-18 00:00:00+00:00,372
2024-11-22 00:00:00+00:00,373
2024-12-01 00:00:00+00:00,374
2024-12-02 00:00:00+00:00,375
2024-12-05 00:00:00+00:00,376
2024-12-09 00:00:00+00:00,377
2024-12-10 00:00:00+00:00,378
2024-12-11 00:00:00+00:00,379
2024-12-12 00:00:00+00:00,380
2024-12-15 00:00:00+00:00,381
2024-12-20 00:00:00+00:00,382
2024-12-23 00:00:00+00:00,384
2024-12-25 00:00:00+00:00,385
2024-12-28 00:00:00+00:00,386
2024-12-31 00:00:00+00:00,387
2025-01-03 00:00:00+00:00,388
2025-01-17 00:00:00+00:00,389
2025-01-22 00:00:00+00:00,390
2025-01-29 00:00:00+00:00,391
2025-01-30 00:00:00+00:00,392
2025-02-07 00:00:00+00:00,393
2025-02-11 00:00:00+00:00,394
2025-02-17 00:00:00+00:00,395
2025-02-18 00:00:00+00:00,396
2025-02-19 00:00:00+00:00,397
2025-02-21 00:00:00+00:00,398
2025-02-24 00:00:00+00:00,399
2025-02-27 00:00:00+00:00,401
2025-03-05 00:00:00+00:00,402
2025-03-09 00:00:00+00:00,403
2025-03-12 00:00:00+00:00,404
2025-03-19 00:00:00+00:00,405
2025-03-25 00:00:00+00:00,406
2025-04-03 00:00:00+00:00,407
2025-04-06 00:00:00+00:00,408
2025-04-30 00:00:00+00:00,409
2025-05-15 00:00:00+00:00,410
2025-05-18 00:00:00+00:00,411
2025-05-22 00:00:00+00:00,412
2025-05-23 00:00:00+00:00,414
2025-05-26 00:00:00+00:00,415
2025-05-29 00:00:00+00:00,417
2025-06-02 00:00:00+00:00,418
2025-06-09 00:00:00+00:00,419
2025-06-18 00:00:00+00:00,420
2025-06-22 00:00:00+00:00,421
2025-06-25 00:00:00+00:00,422
2025-07-04 00:00:00+00:00,423
2025-07-08 00:00:00+00:00,424
2025-07-10 00:00:00+00:00,425
2025-07-12 00:00:00+00:00,426
2025-07-16 00:00:00+00:00,428
2025-07-23 00:00:00+00:00,429
2025-07-24 00:00:00+00:00,430
2025-08-19 00:00:00+00:00,432
2025-08-23 00:00:00+00:00,433
2025-08-27 00:00:00+00:00,434
2025-08-28 00:00:00+00:00,435
2025-09-15 00:00:00+00:00,436
2025-09-23 00:00:00+00:00,437
2025-10-16 00:00:00+00:00,440
2025-10-18 00:00:00+00:00,441
2025-10-20 00:00:00+00:00,442
2025-10-27 00:00:00+00:00,443
2025-11-14 00:00:00+00:00,444
2025-11-27 00:00:00+00:00,445
2025-12-04 00:00:00+00:00,446
2025-12-08 00:00:00+00:00,447
2025-12-17 00:00:00+00:00,448
2025-12-25 00:00:00+00:00,449
2026-01-13 00:00:00+00:00,451
2026-01-22 00:00:00+00:00,452
2026-01-26 00:00:00+00:00,453
